threshold,accuracy,f1,precision,recall
0.4,0.8225377107364685,0.7876857749469215,0.8189845474613686,0.7586912065439673
0.405,0.8234250221827861,0.7885228480340064,0.8207964601769911,0.7586912065439673
0.41,0.8243123336291038,0.7893617021276595,0.8226164079822617,0.7586912065439673
0.415,0.8243123336291038,0.7893617021276595,0.8226164079822617,0.7586912065439673
0.42,0.8251996450754214,0.7902023429179978,0.8244444444444444,0.7586912065439673
0.425,0.8251996450754214,0.7897545357524013,0.8258928571428571,0.7566462167689162
0.43,0.8260869565217391,0.7905982905982906,0.8277404921700223,0.7566462167689162
0.435,0.8251996450754214,0.7893048128342246,0.827354260089686,0.754601226993865
0.44,0.8251996450754214,0.7893048128342246,0.827354260089686,0.754601226993865
0.445,0.8251996450754214,0.7893048128342246,0.827354260089686,0.754601226993865
0.45,0.8260869565217391,0.7901498929336188,0.8292134831460675,0.754601226993865
0.455,0.8260869565217391,0.7901498929336188,0.8292134831460675,0.754601226993865
0.46,0.8243123336291038,0.7875536480686696,0.8284424379232506,0.7505112474437627
0.465,0.8251996450754214,0.7883995703544576,0.830316742081448,0.7505112474437627
0.47,0.8251996450754214,0.7883995703544576,0.830316742081448,0.7505112474437627
0.475,0.8243123336291038,0.7870967741935484,0.8299319727891157,0.7484662576687117
0.48,0.8251996450754214,0.7879440258342304,0.8318181818181818,0.7484662576687117
0.485,0.8251996450754214,0.7879440258342304,0.8318181818181818,0.7484662576687117
0.49,0.8260869565217391,0.7883369330453563,0.8352402745995423,0.7464212678936605
0.495,0.8260869565217391,0.7878787878787878,0.8367816091954023,0.7443762781186094
0.5,0.8269742679680568,0.7887323943661971,0.8387096774193549,0.7443762781186094
0.505,0.8296362023070097,0.7913043478260869,0.8445475638051044,0.7443762781186094
0.51,0.8305235137533274,0.7921653971708379,0.8465116279069768,0.7443762781186094
0.515,0.831410825199645,0.7930283224400871,0.8484848484848485,0.7443762781186094
0.52,0.831410825199645,0.7930283224400871,0.8484848484848485,0.7443762781186094
0.525,0.8305235137533274,0.7917121046892039,0.8481308411214953,0.7423312883435583
0.53,0.8305235137533274,0.7917121046892039,0.8481308411214953,0.7423312883435583
0.535,0.8305235137533274,0.7917121046892039,0.8481308411214953,0.7423312883435583
0.54,0.831410825199645,0.7925764192139738,0.8501170960187353,0.7423312883435583
0.545,0.8322981366459627,0.7929901423877328,0.8537735849056604,0.7402862985685071
0.55,0.831410825199645,0.7912087912087912,0.8551068883610451,0.7361963190184049
0.555,0.831410825199645,0.7907488986784141,0.8568019093078759,0.7341513292433538
0.56,0.8305235137533274,0.7894156560088202,0.8564593301435407,0.7321063394683026
0.565,0.8287488908606921,0.7867403314917127,0.8557692307692307,0.7280163599182005
0.57,0.8287488908606921,0.7867403314917127,0.8557692307692307,0.7280163599182005
0.575,0.8305235137533274,0.7884828349944629,0.8599033816425121,0.7280163599182005
0.58,0.831410825199645,0.7893569844789357,0.8619854721549637,0.7280163599182005
0.585,0.831410825199645,0.7893569844789357,0.8619854721549637,0.7280163599182005
0.59,0.8305235137533274,0.7880133185349611,0.8616504854368932,0.7259713701431493
0.595,0.8322981366459627,0.7897664071190211,0.8658536585365854,0.7259713701431493
0.6,0.8331854480922803,0.7906458797327395,0.8679706601466992,0.7259713701431493
0.605,0.834072759538598,0.7915273132664437,0.8700980392156863,0.7259713701431493
0.61,0.834072759538598,0.7915273132664437,0.8700980392156863,0.7259713701431493
0.615,0.8331854480922803,0.7901785714285714,0.8697788697788698,0.7239263803680982
0.62,0.8331854480922803,0.7901785714285714,0.8697788697788698,0.7239263803680982
0.625,0.8322981366459627,0.788826815642458,0.8694581280788177,0.721881390593047
0.63,0.8322981366459627,0.788826815642458,0.8694581280788177,0.721881390593047
0.635,0.8322981366459627,0.788826815642458,0.8694581280788177,0.721881390593047
0.64,0.8322981366459627,0.788826815642458,0.8694581280788177,0.721881390593047
0.645,0.8322981366459627,0.7883538633818589,0.8712871287128713,0.7198364008179959
0.65,0.834072759538598,0.7901234567901234,0.8756218905472637,0.7198364008179959
0.655,0.834072759538598,0.7901234567901234,0.8756218905472637,0.7198364008179959
0.66,0.8331854480922803,0.7887640449438202,0.8753117206982544,0.7177914110429447
0.665,0.8331854480922803,0.7887640449438202,0.8753117206982544,0.7177914110429447
0.67,0.8331854480922803,0.7887640449438202,0.8753117206982544,0.7177914110429447
0.675,0.8331854480922803,0.7887640449438202,0.8753117206982544,0.7177914110429447
0.68,0.8331854480922803,0.7887640449438202,0.8753117206982544,0.7177914110429447
0.685,0.8331854480922803,0.7887640449438202,0.8753117206982544,0.7177914110429447
0.69,0.834072759538598,0.7896512935883014,0.8775,0.7177914110429447
0.695,0.834072759538598,0.7896512935883014,0.8775,0.7177914110429447
0.7,0.834072759538598,0.7896512935883014,0.8775,0.7177914110429447
0.705,0.834072759538598,0.7896512935883014,0.8775,0.7177914110429447
0.71,0.8322981366459627,0.7869222096956031,0.8768844221105527,0.7137014314928425
0.715,0.8331854480922803,0.7878103837471784,0.8790931989924433,0.7137014314928425
0.72,0.8322981366459627,0.7864406779661017,0.8787878787878788,0.7116564417177914
0.725,0.8322981366459627,0.7864406779661017,0.8787878787878788,0.7116564417177914
0.73,0.8296362023070097,0.782312925170068,0.8778625954198473,0.7055214723926381
0.735,0.8305235137533274,0.7832009080590239,0.8801020408163265,0.7055214723926381
0.74,0.8305235137533274,0.7832009080590239,0.8801020408163265,0.7055214723926381
0.745,0.8296362023070097,0.7818181818181819,0.8797953964194374,0.7034764826175869
0.75,0.8287488908606921,0.7804323094425484,0.8794871794871795,0.7014314928425358
0.755,0.8278615794143744,0.7790432801822323,0.8791773778920309,0.6993865030674846
0.76,0.8278615794143744,0.7790432801822323,0.8791773778920309,0.6993865030674846
0.765,0.8287488908606921,0.7799315849486887,0.8814432989690721,0.6993865030674846
0.77,0.8287488908606921,0.7799315849486887,0.8814432989690721,0.6993865030674846
0.775,0.8287488908606921,0.7794285714285715,0.883419689119171,0.6973415132924335
0.78,0.8287488908606921,0.7789232531500573,0.8854166666666666,0.6952965235173824
0.785,0.8287488908606921,0.7789232531500573,0.8854166666666666,0.6952965235173824
0.79,0.8278615794143744,0.7775229357798165,0.8851174934725848,0.6932515337423313
0.795,0.8305235137533274,0.7802071346375143,0.8921052631578947,0.6932515337423313
0.8,0.8305235137533274,0.7802071346375143,0.8921052631578947,0.6932515337423313
